mean_fit_time,std_fit_time,mean_score_time,std_score_time,param_bootstrap,param_class_weight,param_max_depth,param_max_features,param_min_samples_leaf,param_min_samples_split,param_n_estimators,params,split0_test_score,split1_test_score,split2_test_score,split3_test_score,split4_test_score,mean_test_score,std_test_score,rank_test_score,split0_train_score,split1_train_score,split2_train_score,split3_train_score,split4_train_score,mean_train_score,std_train_score
1.2090169429779052,0.07244895782590442,0.07705473899841309,0.06919341030490833,True,balanced,28,sqrt,3,9,800,"{'bootstrap': True, 'class_weight': 'balanced', 'max_depth': 28, 'max_features': 'sqrt', 'min_samples_leaf': 3, 'min_samples_split': 9, 'n_estimators': 800}",0.7740315638450501,0.7260536398467433,0.6694214876033058,0.7136886102403344,0.7015306122448979,0.7169451827560663,0.034200978775397385,14,1.0,1.0,1.0,1.0,1.0,1.0,0.0
0.5449518203735352,0.03864277366973788,0.05034670829772949,0.006974815932725043,True,balanced,15,log2,3,8,430,"{'bootstrap': True, 'class_weight': 'balanced', 'max_depth': 15, 'max_features': 'log2', 'min_samples_leaf': 3, 'min_samples_split': 8, 'n_estimators': 430}",0.7955523672883787,0.7404214559386972,0.6497933884297521,0.7053291536050157,0.6964285714285714,0.717504987338083,0.04856724186452728,12,1.0,1.0,1.0,1.0,1.0,1.0,0.0
0.47928791046142577,0.061417765610018084,0.07107071876525879,0.02956459765558349,True,balanced,29,log2,3,7,408,"{'bootstrap': True, 'class_weight': 'balanced', 'max_depth': 29, 'max_features': 'log2', 'min_samples_leaf': 3, 'min_samples_split': 7, 'n_estimators': 408}",0.7991391678622668,0.7586206896551725,0.6580578512396694,0.7136886102403344,0.6819727891156463,0.7222958216226177,0.051090006412501526,1,1.0,1.0,1.0,1.0,1.0,1.0,0.0
0.4069862365722656,0.07325356906990282,0.06532621383666992,0.046213369422074,False,balanced,20,log2,2,6,260,"{'bootstrap': False, 'class_weight': 'balanced', 'max_depth': 20, 'max_features': 'log2', 'min_samples_leaf': 2, 'min_samples_split': 6, 'n_estimators': 260}",0.7345767575322812,0.7480842911877396,0.5867768595041323,0.6812957157784744,0.6649659863945578,0.6831399220794371,0.057416116177131216,95,1.0,1.0,1.0,1.0,1.0,1.0,0.0
0.9678507804870605,0.03048056617544834,0.06698250770568848,0.00816264687642914,False,balanced,30,sqrt,4,10,660,"{'bootstrap': False, 'class_weight': 'balanced', 'max_depth': 30, 'max_features': 'sqrt', 'min_samples_leaf': 4, 'min_samples_split': 10, 'n_estimators': 660}",0.7740315638450501,0.7346743295019157,0.609504132231405,0.6760710553814002,0.6598639455782314,0.6908290053076005,0.05768092438893343,71,1.0,1.0,1.0,1.0,1.0,1.0,0.0
1.442662525177002,0.1619047940081866,0.09684243202209472,0.027077480529741682,True,balanced,18,log2,4,4,975,"{'bootstrap': True, 'class_weight': 'balanced', 'max_depth': 18, 'max_features': 'log2', 'min_samples_leaf': 4, 'min_samples_split': 4, 'n_estimators': 975}",0.7847919655667145,0.7308429118773946,0.6756198347107438,0.6886102403343783,0.6743197278911565,0.7108369360760776,0.04227851033448314,32,1.0,1.0,1.0,1.0,1.0,1.0,0.0
0.8046506404876709,0.1261565131405053,0.0562687873840332,0.01459109946169259,True,balanced,28,log2,1,4,584,"{'bootstrap': True, 'class_weight': 'balanced', 'max_depth': 28, 'max_features': 'log2', 'min_samples_leaf': 1, 'min_samples_split': 4, 'n_estimators': 584}",0.7647058823529411,0.721264367816092,0.6477272727272727,0.723092998955068,0.6930272108843537,0.7099635465471454,0.03861866816974403,37,1.0,1.0,1.0,1.0,1.0,1.0,0.0
0.5758018016815185,0.08890891487497374,0.053590822219848636,0.004774365623584647,True,balanced,15,sqrt,1,8,373,"{'bootstrap': True, 'class_weight': 'balanced', 'max_depth': 15, 'max_features': 'sqrt', 'min_samples_leaf': 1, 'min_samples_split': 8, 'n_estimators': 373}",0.772596843615495,0.7260536398467433,0.6756198347107438,0.7011494252873564,0.6828231292517006,0.7116485745424079,0.03510386284890235,28,1.0,1.0,1.0,1.0,1.0,1.0,0.0
0.618582820892334,0.13648703346137775,0.052839040756225586,0.005995676263705784,False,balanced,22,log2,2,10,445,"{'bootstrap': False, 'class_weight': 'balanced', 'max_depth': 22, 'max_features': 'log2', 'min_samples_leaf': 2, 'min_samples_split': 10, 'n_estimators': 445}",0.7568149210903874,0.7270114942528736,0.5909090909090909,0.6865203761755486,0.6658163265306123,0.6854144417917026,0.056824138841927434,86,1.0,1.0,1.0,1.0,1.0,1.0,0.0
0.6120989799499512,0.03254684227161005,0.06606497764587402,0.0024173141270953076,True,balanced,10,log2,4,8,527,"{'bootstrap': True, 'class_weight': 'balanced', 'max_depth': 10, 'max_features': 'log2', 'min_samples_leaf': 4, 'min_samples_split': 8, 'n_estimators': 527}",0.7926829268292683,0.7270114942528736,0.6673553719008265,0.6875653082549634,0.6811224489795918,0.7111475100435047,0.04533225359855359,29,1.0,1.0,1.0,1.0,1.0,1.0,0.0
0.9189216136932373,0.07391626034382161,0.07830486297607422,0.007049330438872256,True,balanced,16,sqrt,3,2,661,"{'bootstrap': True, 'class_weight': 'balanced', 'max_depth': 16, 'max_features': 'sqrt', 'min_samples_leaf': 3, 'min_samples_split': 2, 'n_estimators': 661}",0.7905308464849354,0.7203065134099617,0.6683884297520661,0.7074190177638454,0.6768707482993197,0.7127031111420257,0.04333737179633382,23,1.0,1.0,1.0,1.0,1.0,1.0,0.0
1.3138413906097413,0.050429492037532976,0.05871362686157226,0.020511131244155222,False,balanced,12,log2,2,5,921,"{'bootstrap': False, 'class_weight': 'balanced', 'max_depth': 12, 'max_features': 'log2', 'min_samples_leaf': 2, 'min_samples_split': 5, 'n_estimators': 921}",0.7381635581061693,0.7308429118773946,0.6033057851239669,0.690700104493208,0.6632653061224489,0.6852555331446375,0.04920659071173773,87,1.0,1.0,1.0,1.0,1.0,1.0,0.0
0.415300178527832,0.07644464675208985,0.02282109260559082,0.010587569935326852,True,balanced,26,log2,4,3,301,"{'bootstrap': True, 'class_weight': 'balanced', 'max_depth': 26, 'max_features': 'log2', 'min_samples_leaf': 4, 'min_samples_split': 3, 'n_estimators': 301}",0.7926829268292683,0.7279693486590039,0.671487603305785,0.6666666666666666,0.6743197278911565,0.706625254670376,0.048448908439211236,44,1.0,1.0,1.0,1.0,1.0,1.0,0.0
1.3287513256072998,0.055364396639715964,0.08667068481445313,0.018470204825984615,False,balanced,12,log2,4,10,801,"{'bootstrap': False, 'class_weight': 'balanced', 'max_depth': 12, 'max_features': 'log2', 'min_samples_leaf': 4, 'min_samples_split': 10, 'n_estimators': 801}",0.7604017216642754,0.7327586206896551,0.6270661157024793,0.6938349007314524,0.6547619047619048,0.6937646527099534,0.04884862867849211,60,1.0,1.0,1.0,1.0,1.0,1.0,0.0
1.3611489295959474,0.1350358825580118,0.10717463493347168,0.011321534064330981,False,balanced,29,log2,5,3,978,"{'bootstrap': False, 'class_weight': 'balanced', 'max_depth': 29, 'max_features': 'log2', 'min_samples_leaf': 5, 'min_samples_split': 3, 'n_estimators': 978}",0.7711621233859397,0.7346743295019157,0.625,0.6907001044932078,0.6564625850340136,0.6955998284830154,0.05249103531588316,55,1.0,1.0,1.0,1.0,1.0,1.0,0.0
1.3557964324951173,0.11131677066927731,0.060161590576171875,0.018953957307266116,True,balanced,21,sqrt,5,2,956,"{'bootstrap': True, 'class_weight': 'balanced', 'max_depth': 21, 'max_features': 'sqrt', 'min_samples_leaf': 5, 'min_samples_split': 2, 'n_estimators': 956}",0.7941176470588235,0.7298850574712643,0.6735537190082646,0.6886102403343783,0.6768707482993197,0.7126074824344102,0.045432586915226635,25,1.0,1.0,0.9999455337690631,1.0,0.9997720018239854,0.9999435071186097,8.830912788558553e-05
0.8371634006500244,0.06436589675198374,0.04614200592041016,0.0166301854588628,True,balanced,17,log2,1,9,571,"{'bootstrap': True, 'class_weight': 'balanced', 'max_depth': 17, 'max_features': 'log2', 'min_samples_leaf': 1, 'min_samples_split': 9, 'n_estimators': 571}",0.7977044476327115,0.7480842911877394,0.6539256198347108,0.7168234064785789,0.6862244897959183,0.7205524509859318,0.049682757840395275,5,1.0,1.0,1.0,1.0,1.0,1.0,0.0
1.1977666378021241,0.06044771470630315,0.09134235382080078,0.0140941595416217,True,balanced,19,sqrt,1,9,774,"{'bootstrap': True, 'class_weight': 'balanced', 'max_depth': 19, 'max_features': 'sqrt', 'min_samples_leaf': 1, 'min_samples_split': 9, 'n_estimators': 774}",0.7790530846484935,0.7164750957854407,0.6580578512396694,0.7115987460815046,0.6819727891156463,0.7094315133741509,0.04073010394416708,38,1.0,1.0,1.0,1.0,1.0,1.0,0.0
0.19699606895446778,0.04301215101014898,0.029777145385742186,0.012498086186600225,True,balanced,,sqrt,5,8,140,"{'bootstrap': True, 'class_weight': 'balanced', 'max_depth': None, 'max_features': 'sqrt', 'min_samples_leaf': 5, 'min_samples_split': 8, 'n_estimators': 140}",0.7847919655667144,0.7308429118773947,0.6683884297520661,0.6938349007314525,0.6981292517006802,0.7151974919256615,0.04006730176920172,20,1.0,0.9997786753721021,0.9998366013071895,0.9997827739763223,0.9997720018239854,0.9998340104959198,8.612950717527686e-05
0.1886716365814209,0.06520378813918004,0.032951641082763675,0.015257559926029554,False,balanced,15,sqrt,4,3,132,"{'bootstrap': False, 'class_weight': 'balanced', 'max_depth': 15, 'max_features': 'sqrt', 'min_samples_leaf': 4, 'min_samples_split': 3, 'n_estimators': 132}",0.7238163558106169,0.75,0.6332644628099173,0.6886102403343782,0.6522108843537415,0.6895803886617308,0.043339440295038334,74,1.0,1.0,1.0,1.0,1.0,1.0,0.0
1.290035343170166,0.12976158883007982,0.08861780166625977,0.00725742421222061,False,balanced,13,sqrt,4,9,825,"{'bootstrap': False, 'class_weight': 'balanced', 'max_depth': 13, 'max_features': 'sqrt', 'min_samples_leaf': 4, 'min_samples_split': 9, 'n_estimators': 825}",0.7647058823529411,0.7298850574712644,0.618801652892562,0.6886102403343782,0.6607142857142857,0.6925434237530863,0.05112383156545026,66,1.0,1.0,1.0,1.0,1.0,1.0,0.0
0.9254126071929931,0.1745010874277597,0.07134647369384765,0.006751489543806353,True,balanced,11,sqrt,3,6,561,"{'bootstrap': True, 'class_weight': 'balanced', 'max_depth': 11, 'max_features': 'sqrt', 'min_samples_leaf': 3, 'min_samples_split': 6, 'n_estimators': 561}",0.7912482065997131,0.7203065134099617,0.65599173553719,0.7115987460815048,0.6760204081632653,0.7110331219583269,0.04642460526519214,30,1.0,1.0,1.0,1.0,1.0,1.0,0.0
1.311566209793091,0.12291124633879844,0.09335560798645019,0.004363316688386779,True,balanced,,sqrt,2,8,866,"{'bootstrap': True, 'class_weight': 'balanced', 'max_depth': None, 'max_features': 'sqrt', 'min_samples_leaf': 2, 'min_samples_split': 8, 'n_estimators': 866}",0.7898134863701578,0.7203065134099617,0.6725206611570249,0.7084639498432603,0.6930272108843538,0.7168263643329517,0.039846095005038745,16,1.0,1.0,1.0,1.0,1.0,1.0,0.0
1.1756689548492432,0.08794147677587377,0.07654342651367188,0.004099228825932543,False,balanced,15,sqrt,1,4,674,"{'bootstrap': False, 'class_weight': 'balanced', 'max_depth': 15, 'max_features': 'sqrt', 'min_samples_leaf': 1, 'min_samples_split': 4, 'n_estimators': 674}",0.7510760401721664,0.7375478927203065,0.5888429752066116,0.7001044932079414,0.6649659863945578,0.6885074775403167,0.05820909371228447,75,1.0,1.0,1.0,1.0,0.9999999999999999,1.0,4.965068306494546e-17
1.4164445877075196,0.06359339907327183,0.09354395866394043,0.00939936613361529,False,balanced,15,sqrt,4,5,833,"{'bootstrap': False, 'class_weight': 'balanced', 'max_depth': 15, 'max_features': 'sqrt', 'min_samples_leaf': 4, 'min_samples_split': 5, 'n_estimators': 833}",0.7618364418938306,0.7452107279693486,0.609504132231405,0.6792058516196448,0.6615646258503401,0.6914643559129139,0.05586169715606586,68,1.0,1.0,1.0,1.0,1.0,1.0,0.0
1.032359743118286,0.1398854771823169,0.07464642524719238,0.005585885030358549,True,balanced,15,sqrt,3,5,624,"{'bootstrap': True, 'class_weight': 'balanced', 'max_depth': 15, 'max_features': 'sqrt', 'min_samples_leaf': 3, 'min_samples_split': 5, 'n_estimators': 624}",0.7905308464849354,0.7174329501915709,0.6570247933884297,0.7074190177638454,0.6794217687074829,0.7103658753072528,0.04536046488793717,34,1.0,1.0,1.0,1.0,1.0,1.0,0.0
1.5755014896392823,0.15782877092270747,0.10235896110534667,0.011916865161216835,False,balanced,15,sqrt,3,7,895,"{'bootstrap': False, 'class_weight': 'balanced', 'max_depth': 15, 'max_features': 'sqrt', 'min_samples_leaf': 3, 'min_samples_split': 7, 'n_estimators': 895}",0.7589670014347202,0.7308429118773946,0.5919421487603306,0.67816091954023,0.6641156462585034,0.6848057255742357,0.057819017784738524,88,1.0,1.0,1.0,1.0,1.0,1.0,0.0
1.4616111755371093,0.11543849274887696,0.08002548217773438,0.022379070002450818,False,balanced,18,sqrt,1,6,745,"{'bootstrap': False, 'class_weight': 'balanced', 'max_depth': 18, 'max_features': 'sqrt', 'min_samples_leaf': 1, 'min_samples_split': 6, 'n_estimators': 745}",0.7510760401721664,0.7126436781609194,0.5919421487603306,0.6844305120167189,0.6683673469387755,0.681691945209782,0.05293813943913299,96,1.0,1.0,1.0,1.0,1.0,1.0,0.0
0.632176399230957,0.0922819770146341,0.049125385284423825,0.012406383664162931,False,balanced,20,log2,4,8,447,"{'bootstrap': False, 'class_weight': 'balanced', 'max_depth': 20, 'max_features': 'log2', 'min_samples_leaf': 4, 'min_samples_split': 8, 'n_estimators': 447}",0.7661406025824964,0.7327586206896551,0.6219008264462811,0.7011494252873564,0.6581632653061225,0.6960225480623824,0.05141929672408045,54,1.0,1.0,1.0,1.0,1.0,1.0,0.0
0.6762707233428955,0.11241679185894739,0.04087080955505371,0.01392977490164974,True,balanced,15,log2,1,2,476,"{'bootstrap': True, 'class_weight': 'balanced', 'max_depth': 15, 'max_features': 'log2', 'min_samples_leaf': 1, 'min_samples_split': 2, 'n_estimators': 476}",0.7543041606886657,0.7236590038314176,0.6709710743801652,0.6917450365726228,0.679421768707483,0.7040202088360709,0.030861518050559023,46,1.0,1.0,1.0,1.0,1.0,1.0,0.0
0.803996467590332,0.1837169275390549,0.09192013740539551,0.03635183011351625,True,balanced,28,sqrt,1,4,458,"{'bootstrap': True, 'class_weight': 'balanced', 'max_depth': 28, 'max_features': 'sqrt', 'min_samples_leaf': 1, 'min_samples_split': 4, 'n_estimators': 458}",0.7496413199426112,0.7183908045977011,0.6497933884297521,0.6854754440961337,0.6675170068027211,0.6941635927737838,0.03583008654599965,59,1.0,1.0,1.0,1.0,1.0,1.0,0.0
0.5063782215118409,0.0517932487978454,0.045670604705810545,0.011555496913836118,False,balanced,16,sqrt,1,6,324,"{'bootstrap': False, 'class_weight': 'balanced', 'max_depth': 16, 'max_features': 'sqrt', 'min_samples_leaf': 1, 'min_samples_split': 6, 'n_estimators': 324}",0.7654232424677188,0.7126436781609197,0.5785123966942148,0.6781609195402298,0.6836734693877551,0.6836827412501676,0.06101071607681168,93,1.0,1.0,1.0,1.0,1.0,1.0,0.0
1.1778029918670654,0.2791993567160481,0.09799542427062988,0.008175589393119062,True,balanced,18,log2,3,7,771,"{'bootstrap': True, 'class_weight': 'balanced', 'max_depth': 18, 'max_features': 'log2', 'min_samples_leaf': 3, 'min_samples_split': 7, 'n_estimators': 771}",0.7883787661406026,0.7404214559386973,0.6621900826446281,0.7115987460815048,0.6845238095238095,0.7174225720658484,0.04411485815579502,13,1.0,1.0,1.0,1.0,1.0,1.0,0.0
0.7219737529754638,0.08820115050847473,0.0657585620880127,0.005015381439298014,False,balanced,17,log2,1,2,541,"{'bootstrap': False, 'class_weight': 'balanced', 'max_depth': 17, 'max_features': 'log2', 'min_samples_leaf': 1, 'min_samples_split': 2, 'n_estimators': 541}",0.7431850789096126,0.7241379310344829,0.5821280991735536,0.6969696969696969,0.6743197278911565,0.6841481067957005,0.05613131439888374,91,1.0,1.0,1.0,1.0,1.0,1.0,0.0
0.31704959869384763,0.052801747749332585,0.03408493995666504,0.002170054230765812,False,balanced,20,log2,2,4,212,"{'bootstrap': False, 'class_weight': 'balanced', 'max_depth': 20, 'max_features': 'log2', 'min_samples_leaf': 2, 'min_samples_split': 4, 'n_estimators': 212}",0.7439024390243903,0.7073754789272031,0.609504132231405,0.6781609195402298,0.695578231292517,0.6869042402031491,0.0442952069087247,79,1.0,1.0,1.0,1.0,0.9999999999999999,1.0,4.965068306494546e-17
0.11887364387512207,0.017568744706457536,0.02312602996826172,0.004183439991137499,True,balanced,25,log2,1,2,101,"{'bootstrap': True, 'class_weight': 'balanced', 'max_depth': 25, 'max_features': 'log2', 'min_samples_leaf': 1, 'min_samples_split': 2, 'n_estimators': 101}",0.7589670014347202,0.7447318007662835,0.5919421487603306,0.6938349007314525,0.6662414965986394,0.6911434696582852,0.059899907887998385,69,1.0,1.0,1.0,1.0,1.0,1.0,0.0
0.8272617340087891,0.11271461836782992,0.05564627647399902,0.004349596295082118,False,balanced,30,sqrt,5,2,484,"{'bootstrap': False, 'class_weight': 'balanced', 'max_depth': 30, 'max_features': 'sqrt', 'min_samples_leaf': 5, 'min_samples_split': 2, 'n_estimators': 484}",0.7618364418938306,0.7375478927203065,0.6074380165289256,0.6687565308254965,0.6539115646258503,0.685898089318882,0.05640441364809734,84,1.0,1.0,1.0,1.0,1.0,1.0,0.0
0.8031819820404053,0.1359867828875145,0.051476049423217776,0.009287407390377112,True,balanced,10,sqrt,4,7,515,"{'bootstrap': True, 'class_weight': 'balanced', 'max_depth': 10, 'max_features': 'sqrt', 'min_samples_leaf': 4, 'min_samples_split': 7, 'n_estimators': 515}",0.7754662840746054,0.7385057471264368,0.6683884297520661,0.6948798328108673,0.6870748299319728,0.7128630247391896,0.03884104291458009,22,1.0,1.0,1.0,1.0,1.0,1.0,0.0
0.30632495880126953,0.026704820550989994,0.035416030883789064,0.004721318437866395,True,balanced,12,sqrt,3,9,222,"{'bootstrap': True, 'class_weight': 'balanced', 'max_depth': 12, 'max_features': 'sqrt', 'min_samples_leaf': 3, 'min_samples_split': 9, 'n_estimators': 222}",0.7862266857962698,0.7413793103448276,0.6807851239669421,0.7084639498432602,0.689625850340136,0.7212961840582872,0.03854380437860339,4,1.0,1.0,1.0,1.0,1.0,1.0,0.0
1.020341396331787,0.03342734116015571,0.057854318618774415,0.022232533998770575,True,balanced,14,log2,5,5,709,"{'bootstrap': True, 'class_weight': 'balanced', 'max_depth': 14, 'max_features': 'log2', 'min_samples_leaf': 5, 'min_samples_split': 5, 'n_estimators': 709}",0.7962697274031564,0.7327586206896551,0.6704545454545454,0.7084639498432602,0.6811224489795918,0.7178138584740418,0.0448447413614476,10,1.0,1.0,0.9998910675381264,1.0,0.9998860009119926,0.9999554136900238,5.46303544375966e-05
0.3384448528289795,0.08231560898763218,0.04694347381591797,0.02989414024059005,False,balanced,30,sqrt,1,10,223,"{'bootstrap': False, 'class_weight': 'balanced', 'max_depth': 30, 'max_features': 'sqrt', 'min_samples_leaf': 1, 'min_samples_split': 10, 'n_estimators': 223}",0.7381635581061693,0.7289272030651341,0.5950413223140496,0.7074190177638454,0.6471088435374149,0.6833319889573226,0.05435617271665386,94,1.0,1.0,1.0,1.0,1.0,1.0,0.0
1.0811599731445312,0.03200448256584851,0.08204035758972168,0.009600877323594437,True,balanced,14,log2,5,4,759,"{'bootstrap': True, 'class_weight': 'balanced', 'max_depth': 14, 'max_features': 'log2', 'min_samples_leaf': 5, 'min_samples_split': 4, 'n_estimators': 759}",0.796987087517934,0.7337164750957854,0.6652892561983471,0.71055381400209,0.6768707482993197,0.7166834762226951,0.0469100947626799,17,1.0,1.0,0.9998910675381264,1.0,0.9998860009119926,0.9999554136900238,5.46303544375966e-05
0.9035104274749756,0.15508755153076426,0.05472722053527832,0.018678479237051338,False,balanced,12,sqrt,2,4,610,"{'bootstrap': False, 'class_weight': 'balanced', 'max_depth': 12, 'max_features': 'sqrt', 'min_samples_leaf': 2, 'min_samples_split': 4, 'n_estimators': 610}",0.7517934002869441,0.7222222222222222,0.5847107438016528,0.6750261233019854,0.6624149659863945,0.6792334911198398,0.05718056647555749,97,1.0,1.0,1.0,1.0,1.0,1.0,0.0
1.1646368503570557,0.12193492575305805,0.0623936653137207,0.02403551657617452,True,balanced,28,log2,4,10,739,"{'bootstrap': True, 'class_weight': 'balanced', 'max_depth': 28, 'max_features': 'log2', 'min_samples_leaf': 4, 'min_samples_split': 10, 'n_estimators': 739}",0.7926829268292683,0.7337164750957855,0.6621900826446281,0.703239289446186,0.685374149659864,0.7154405847351464,0.045141700629055474,18,1.0,1.0,1.0,1.0,1.0,1.0,0.0
0.8322337627410888,0.1251959015164644,0.08323974609375,0.0356575798622861,True,balanced,26,log2,1,10,572,"{'bootstrap': True, 'class_weight': 'balanced', 'max_depth': 26, 'max_features': 'log2', 'min_samples_leaf': 1, 'min_samples_split': 10, 'n_estimators': 572}",0.7934002869440459,0.7375478927203065,0.6580578512396694,0.7147335423197493,0.689625850340136,0.7186730847127814,0.045768726175411514,6,1.0,1.0,1.0,1.0,1.0,1.0,0.0
1.1451816082000732,0.19311365717851245,0.09108486175537109,0.018730498194618934,False,balanced,18,sqrt,4,10,671,"{'bootstrap': False, 'class_weight': 'balanced', 'max_depth': 18, 'max_features': 'sqrt', 'min_samples_leaf': 4, 'min_samples_split': 10, 'n_estimators': 671}",0.7740315638450502,0.7346743295019157,0.6115702479338843,0.6750261233019854,0.6590136054421769,0.6908631740050024,0.0572520283170627,70,1.0,1.0,1.0,1.0,1.0,1.0,0.0
0.20865468978881835,0.021987633915846447,0.02601933479309082,0.006035368678047273,True,balanced,10,sqrt,4,6,136,"{'bootstrap': True, 'class_weight': 'balanced', 'max_depth': 10, 'max_features': 'sqrt', 'min_samples_leaf': 4, 'min_samples_split': 6, 'n_estimators': 136}",0.7862266857962696,0.7614942528735633,0.6745867768595042,0.6917450365726228,0.6760204081632653,0.7180146320530449,0.046653931873070965,9,1.0,1.0,1.0,0.9998913869881612,1.0,0.9999782773976322,4.3445204735537146e-05
1.5450846672058105,0.13311405193634865,0.09017443656921387,0.030775344561189247,False,balanced,17,sqrt,3,4,915,"{'bootstrap': False, 'class_weight': 'balanced', 'max_depth': 17, 'max_features': 'sqrt', 'min_samples_leaf': 3, 'min_samples_split': 4, 'n_estimators': 915}",0.751793400286944,0.7212643678160919,0.600206611570248,0.696969696969697,0.657312925170068,0.6855094003626098,0.05267813916783511,85,1.0,1.0,1.0,1.0,1.0,1.0,0.0
1.1998640060424806,0.25321878296400474,0.09413700103759766,0.0038239140697789516,False,balanced,11,log2,1,9,727,"{'bootstrap': False, 'class_weight': 'balanced', 'max_depth': 11, 'max_features': 'log2', 'min_samples_leaf': 1, 'min_samples_split': 9, 'n_estimators': 727}",0.751793400286944,0.7308429118773947,0.5898760330578513,0.7063740856844305,0.6717687074829931,0.6901310276779228,0.056765802017516555,72,1.0,1.0,1.0,1.0,1.0,1.0,0.0
0.3047983169555664,0.11403472928629652,0.026934003829956053,0.012273399804815633,True,balanced,25,log2,4,7,203,"{'bootstrap': True, 'class_weight': 'balanced', 'max_depth': 25, 'max_features': 'log2', 'min_samples_leaf': 4, 'min_samples_split': 7, 'n_estimators': 203}",0.7876614060258249,0.7174329501915709,0.6673553719008264,0.6854754440961338,0.6743197278911565,0.7064489800211025,0.044083089696085424,45,1.0,1.0,1.0,1.0,1.0,1.0,0.0
0.40529508590698243,0.05639904131606036,0.05029077529907226,0.010586054178198426,False,balanced,11,log2,1,4,252,"{'bootstrap': False, 'class_weight': 'balanced', 'max_depth': 11, 'max_features': 'log2', 'min_samples_leaf': 1, 'min_samples_split': 4, 'n_estimators': 252}",0.7317073170731707,0.7097701149425287,0.5898760330578513,0.6624869383490074,0.6913265306122449,0.6770333868069607,0.04913904650052198,100,1.0,1.0,1.0,1.0,1.0,1.0,0.0
1.19524827003479,0.07459959934002845,0.06146140098571777,0.017333913689702392,True,balanced,26,log2,2,3,921,"{'bootstrap': True, 'class_weight': 'balanced', 'max_depth': 26, 'max_features': 'log2', 'min_samples_leaf': 2, 'min_samples_split': 3, 'n_estimators': 921}",0.7697274031563845,0.7126436781609196,0.6425619834710743,0.7136886102403344,0.7040816326530612,0.7085406615363548,0.040398570195442594,41,1.0,1.0,1.0,1.0,1.0,1.0,0.0
0.4177595615386963,0.017216727693404536,0.03860740661621094,0.0033787754071963267,True,balanced,24,sqrt,1,5,260,"{'bootstrap': True, 'class_weight': 'balanced', 'max_depth': 24, 'max_features': 'sqrt', 'min_samples_leaf': 1, 'min_samples_split': 5, 'n_estimators': 260}",0.7797704447632712,0.7203065134099618,0.6580578512396694,0.6886102403343783,0.6717687074829932,0.7037027514460548,0.043342826046066436,48,1.0,1.0,1.0,1.0,1.0,1.0,0.0
0.9559354782104492,0.08916855107373729,0.07962455749511718,0.005806103945565459,False,balanced,,log2,5,5,603,"{'bootstrap': False, 'class_weight': 'balanced', 'max_depth': None, 'max_features': 'log2', 'min_samples_leaf': 5, 'min_samples_split': 5, 'n_estimators': 603}",0.7639885222381635,0.7356321839080461,0.6373966942148761,0.6917450365726229,0.6377551020408163,0.693303507794905,0.05099355666626622,61,1.0,1.0,1.0,1.0,1.0,1.0,0.0
1.306642770767212,0.1931155186208574,0.07925000190734863,0.02006693204860346,False,balanced,16,sqrt,3,2,739,"{'bootstrap': False, 'class_weight': 'balanced', 'max_depth': 16, 'max_features': 'sqrt', 'min_samples_leaf': 3, 'min_samples_split': 2, 'n_estimators': 739}",0.7568149210903874,0.7222222222222222,0.612603305785124,0.6959247648902821,0.6513605442176871,0.6877851516411406,0.05098300928061958,76,1.0,1.0,1.0,1.0,1.0,1.0,0.0
0.8373006343841553,0.07446986529428416,0.055311727523803714,0.02338581868506108,True,balanced,24,log2,3,4,569,"{'bootstrap': True, 'class_weight': 'balanced', 'max_depth': 24, 'max_features': 'log2', 'min_samples_leaf': 3, 'min_samples_split': 4, 'n_estimators': 569}",0.7912482065997131,0.7413793103448275,0.6683884297520661,0.7168234064785789,0.6921768707482994,0.722003244784697,0.0423350643258596,2,1.0,1.0,1.0,1.0,1.0,1.0,0.0
0.8644177913665771,0.22578188438619756,0.07017321586608886,0.00879464826259035,True,balanced,30,log2,5,4,537,"{'bootstrap': True, 'class_weight': 'balanced', 'max_depth': 30, 'max_features': 'log2', 'min_samples_leaf': 5, 'min_samples_split': 4, 'n_estimators': 537}",0.7991391678622669,0.7346743295019157,0.6663223140495868,0.7042842215256009,0.6802721088435375,0.7169384283565815,0.04719759046691101,15,1.0,0.9999446688430255,0.9998910675381264,1.0,0.9999430004559964,0.9999557473674298,4.095189556436262e-05
0.938947057723999,0.13997444007747442,0.07053570747375489,0.011023107617739237,False,balanced,10,sqrt,1,2,552,"{'bootstrap': False, 'class_weight': 'balanced', 'max_depth': 10, 'max_features': 'sqrt', 'min_samples_leaf': 1, 'min_samples_split': 2, 'n_estimators': 552}",0.7345767575322811,0.7404214559386973,0.5650826446280992,0.6833855799373041,0.6717687074829932,0.6790470291038749,0.06310316779137033,98,1.0,1.0,1.0,1.0,1.0,1.0,0.0
0.4421733856201172,0.06409983457155184,0.05132246017456055,0.0063216088171843,False,balanced,24,sqrt,4,4,291,"{'bootstrap': False, 'class_weight': 'balanced', 'max_depth': 24, 'max_features': 'sqrt', 'min_samples_leaf': 4, 'min_samples_split': 4, 'n_estimators': 291}",0.7539454806312769,0.7394636015325671,0.6146694214876033,0.6802507836990597,0.6505102040816327,0.6877678982864279,0.05261168736812782,77,1.0,1.0,1.0,1.0,1.0,1.0,0.0
0.8648091316223144,0.06897479378384651,0.06938028335571289,0.026039890382676654,True,balanced,25,log2,4,6,617,"{'bootstrap': True, 'class_weight': 'balanced', 'max_depth': 25, 'max_features': 'log2', 'min_samples_leaf': 4, 'min_samples_split': 6, 'n_estimators': 617}",0.7890961262553802,0.725095785440613,0.6766528925619835,0.690700104493208,0.6785714285714286,0.7120232674645226,0.04227501038109301,26,1.0,1.0,1.0,1.0,1.0,1.0,0.0
0.5269877910614014,0.012958906155935583,0.05176835060119629,0.014342396055956365,True,balanced,17,sqrt,5,2,401,"{'bootstrap': True, 'class_weight': 'balanced', 'max_depth': 17, 'max_features': 'sqrt', 'min_samples_leaf': 5, 'min_samples_split': 2, 'n_estimators': 401}",0.7912482065997131,0.735632183908046,0.6642561983471074,0.684430512016719,0.6836734693877551,0.7118481140518681,0.04621814063608745,27,1.0,1.0,0.9999455337690631,0.9999456934940806,0.9997150022799818,0.9999212459086252,0.00010595134050289032
0.36300034523010255,0.03309773216599629,0.045770454406738284,0.017003918095915598,True,balanced,11,log2,1,5,290,"{'bootstrap': True, 'class_weight': 'balanced', 'max_depth': 11, 'max_features': 'log2', 'min_samples_leaf': 1, 'min_samples_split': 5, 'n_estimators': 290}",0.7783357245337159,0.7183908045977011,0.6363636363636365,0.7136886102403344,0.6972789115646258,0.7088115374600027,0.04545516608565476,39,1.0,1.0,1.0,1.0,1.0,1.0,0.0
0.25824832916259766,0.05396755027526562,0.022009515762329103,0.005009380046755243,True,balanced,29,log2,1,4,227,"{'bootstrap': True, 'class_weight': 'balanced', 'max_depth': 29, 'max_features': 'log2', 'min_samples_leaf': 1, 'min_samples_split': 4, 'n_estimators': 227}",0.7446197991391679,0.7289272030651341,0.6043388429752066,0.7304075235109718,0.679421768707483,0.6975430274795927,0.051568719268723015,51,0.9999999999999999,1.0,1.0,1.0,1.0,1.0,4.965068306494546e-17
1.9089348316192627,0.1149422206517541,0.08860602378845214,0.019473907014613597,False,balanced,18,sqrt,2,4,971,"{'bootstrap': False, 'class_weight': 'balanced', 'max_depth': 18, 'max_features': 'sqrt', 'min_samples_leaf': 2, 'min_samples_split': 4, 'n_estimators': 971}",0.7675753228120517,0.7279693486590039,0.5867768595041323,0.6677115987460815,0.6700680272108843,0.6840202313864308,0.06136755997622074,92,1.0,1.0,1.0,1.0,1.0,1.0,0.0
1.357825231552124,0.16098039627527908,0.10688681602478027,0.017413254846031758,False,balanced,26,log2,2,3,884,"{'bootstrap': False, 'class_weight': 'balanced', 'max_depth': 26, 'max_features': 'log2', 'min_samples_leaf': 2, 'min_samples_split': 3, 'n_estimators': 884}",0.7410329985652798,0.7241379310344828,0.6074380165289256,0.6823406478578893,0.6785714285714286,0.6867042045116012,0.046305967160151146,81,1.0,1.0,1.0,1.0,1.0,1.0,0.0
0.5595241546630859,0.12177272323428379,0.055444765090942386,0.023096404939733223,False,balanced,,sqrt,3,7,275,"{'bootstrap': False, 'class_weight': 'balanced', 'max_depth': None, 'max_features': 'sqrt', 'min_samples_leaf': 3, 'min_samples_split': 7, 'n_estimators': 275}",0.7596843615494978,0.735632183908046,0.5867768595041323,0.6739811912225706,0.6326530612244898,0.6777455314817473,0.06385551944014586,99,1.0,1.0,1.0,1.0,1.0,1.0,0.0
1.4474174499511718,0.1317376020703019,0.07031116485595704,0.03652256110473286,True,balanced,18,sqrt,2,4,917,"{'bootstrap': True, 'class_weight': 'balanced', 'max_depth': 18, 'max_features': 'sqrt', 'min_samples_leaf': 2, 'min_samples_split': 4, 'n_estimators': 917}",0.7733142037302725,0.7260536398467433,0.6570247933884298,0.7001044932079414,0.6828231292517007,0.7078640518850176,0.03971516649457208,43,1.0,1.0,1.0,1.0,1.0,1.0,0.0
1.3693565368652343,0.23619707338208562,0.09703845977783203,0.03636794897480652,True,balanced,21,log2,2,8,924,"{'bootstrap': True, 'class_weight': 'balanced', 'max_depth': 21, 'max_features': 'log2', 'min_samples_leaf': 2, 'min_samples_split': 8, 'n_estimators': 924}",0.7941176470588235,0.7471264367816092,0.6425619834710744,0.7126436781609196,0.6947278911564626,0.7182355273257779,0.050799889210994285,8,1.0,1.0,1.0,1.0,1.0,1.0,0.0
0.833809757232666,0.11205532304908575,0.08145637512207031,0.005561955002717691,False,balanced,21,log2,1,9,611,"{'bootstrap': False, 'class_weight': 'balanced', 'max_depth': 21, 'max_features': 'log2', 'min_samples_leaf': 1, 'min_samples_split': 9, 'n_estimators': 611}",0.7625538020086083,0.7298850574712644,0.5950413223140496,0.7105538140020898,0.6649659863945578,0.692599996438114,0.058116062604229406,65,1.0,1.0,1.0,1.0,1.0,1.0,0.0
0.7796041011810303,0.13810051842255167,0.05365076065063477,0.021081172697204137,False,balanced,24,log2,4,4,570,"{'bootstrap': False, 'class_weight': 'balanced', 'max_depth': 24, 'max_features': 'log2', 'min_samples_leaf': 4, 'min_samples_split': 4, 'n_estimators': 570}",0.7783357245337159,0.7346743295019157,0.621900826446281,0.6980146290491118,0.6547619047619048,0.6975374828585857,0.055602846653077714,52,1.0,1.0,1.0,1.0,1.0,1.0,0.0
1.0529919147491456,0.09675774799150208,0.04809293746948242,0.009710232647812447,True,balanced,10,log2,3,10,797,"{'bootstrap': True, 'class_weight': 'balanced', 'max_depth': 10, 'max_features': 'log2', 'min_samples_leaf': 3, 'min_samples_split': 10, 'n_estimators': 797}",0.7934002869440459,0.728927203065134,0.6580578512396694,0.690700104493208,0.6836734693877551,0.7109517830259625,0.047059274159439224,31,1.0,1.0,1.0,1.0,1.0,1.0,0.0
0.5967999458312988,0.1501828833279931,0.03864922523498535,0.01712944515866826,True,balanced,30,log2,2,7,404,"{'bootstrap': True, 'class_weight': 'balanced', 'max_depth': 30, 'max_features': 'log2', 'min_samples_leaf': 2, 'min_samples_split': 7, 'n_estimators': 404}",0.7984218077474893,0.7346743295019158,0.6487603305785125,0.7063740856844305,0.6998299319727891,0.7176120970970274,0.048998761534931115,11,1.0,1.0,1.0,1.0,1.0,1.0,0.0
0.5487644672393799,0.09537787006793676,0.034554243087768555,0.004900585616216321,False,balanced,18,log2,3,6,363,"{'bootstrap': False, 'class_weight': 'balanced', 'max_depth': 18, 'max_features': 'log2', 'min_samples_leaf': 3, 'min_samples_split': 6, 'n_estimators': 363}",0.7589670014347203,0.7442528735632183,0.6033057851239669,0.6739811912225705,0.6530612244897959,0.6867136151668544,0.05793579586787174,80,1.0,1.0,1.0,1.0,1.0,1.0,0.0
0.40785040855407717,0.0795112428309218,0.04646940231323242,0.015353351739561288,True,balanced,20,log2,5,8,295,"{'bootstrap': True, 'class_weight': 'balanced', 'max_depth': 20, 'max_features': 'log2', 'min_samples_leaf': 5, 'min_samples_split': 8, 'n_estimators': 295}",0.802725968436155,0.7356321839080459,0.6570247933884297,0.696969696969697,0.6709183673469388,0.7126542020098533,0.05238974223300216,24,1.0,0.9998340065290765,0.9998910675381264,0.9998913869881612,0.9998860009119926,0.9999004923934713,5.42289097455859e-05
1.3743865489959717,0.11623582047441115,0.09143624305725098,0.021232475155030146,False,balanced,21,log2,4,4,922,"{'bootstrap': False, 'class_weight': 'balanced', 'max_depth': 21, 'max_features': 'log2', 'min_samples_leaf': 4, 'min_samples_split': 4, 'n_estimators': 922}",0.776183644189383,0.731800766283525,0.6353305785123967,0.6959247648902821,0.6556122448979592,0.6989703997547092,0.050948896778257896,49,1.0,1.0,1.0,1.0,1.0,1.0,0.0
1.206742000579834,0.1975052607519652,0.061709022521972655,0.01880716993182386,False,balanced,28,log2,5,3,735,"{'bootstrap': False, 'class_weight': 'balanced', 'max_depth': 28, 'max_features': 'log2', 'min_samples_leaf': 5, 'min_samples_split': 3, 'n_estimators': 735}",0.7675753228120515,0.7365900383141762,0.631198347107438,0.6823406478578893,0.6488095238095238,0.6933027759802158,0.051666190338683464,62,1.0,1.0,1.0,1.0,1.0,1.0,0.0
0.760296630859375,0.033292754881838006,0.06052236557006836,0.0135809621326986,False,balanced,27,sqrt,3,8,445,"{'bootstrap': False, 'class_weight': 'balanced', 'max_depth': 27, 'max_features': 'sqrt', 'min_samples_leaf': 3, 'min_samples_split': 8, 'n_estimators': 445}",0.7654232424677188,0.7423371647509579,0.5785123966942148,0.6739811912225705,0.6607142857142858,0.6841936561699496,0.06603486527871445,90,1.0,1.0,1.0,1.0,1.0,1.0,0.0
1.0620000839233399,0.16844824859609034,0.08766264915466308,0.01166695411570131,True,balanced,29,log2,1,6,740,"{'bootstrap': True, 'class_weight': 'balanced', 'max_depth': 29, 'max_features': 'log2', 'min_samples_leaf': 1, 'min_samples_split': 6, 'n_estimators': 740}",0.7754662840746055,0.7346743295019157,0.6694214876033058,0.7251828631138976,0.7023809523809523,0.7214251833349353,0.035148734551920816,3,1.0,1.0,1.0,1.0,1.0,1.0,0.0
1.2217541694641114,0.1619681952406254,0.08556265830993652,0.007237881283993754,False,balanced,,sqrt,2,7,659,"{'bootstrap': False, 'class_weight': 'balanced', 'max_depth': None, 'max_features': 'sqrt', 'min_samples_leaf': 2, 'min_samples_split': 7, 'n_estimators': 659}",0.7439024390243902,0.7365900383141762,0.5878099173553719,0.6865203761755486,0.6683673469387754,0.6846380235616525,0.056312064600066776,89,1.0,1.0,1.0,1.0,1.0,1.0,0.0
0.5419107437133789,0.08525626724591753,0.050174379348754884,0.005521461253936695,True,balanced,16,sqrt,5,2,371,"{'bootstrap': True, 'class_weight': 'balanced', 'max_depth': 16, 'max_features': 'sqrt', 'min_samples_leaf': 5, 'min_samples_split': 2, 'n_estimators': 371}",0.7919655667144907,0.7318007662835249,0.6601239669421488,0.6854754440961338,0.6819727891156463,0.7102677066303889,0.04704862648155095,35,1.0,1.0,0.9999455337690631,1.0,0.999829001367989,0.9999549070274105,6.639310442700417e-05
1.2522822380065919,0.0649123375128075,0.07970118522644043,0.025041779901971557,True,balanced,15,log2,5,7,960,"{'bootstrap': True, 'class_weight': 'balanced', 'max_depth': 15, 'max_features': 'log2', 'min_samples_leaf': 5, 'min_samples_split': 7, 'n_estimators': 960}",0.7955523672883787,0.731800766283525,0.6611570247933884,0.7042842215256008,0.6802721088435374,0.7146132977468861,0.046883093417350315,21,1.0,1.0,0.9998366013071895,1.0,0.999829001367989,0.9999331205350357,8.194553165639388e-05
0.2727973461151123,0.0402477399365659,0.033680391311645505,0.0024537101776587987,True,balanced,11,log2,2,4,185,"{'bootstrap': True, 'class_weight': 'balanced', 'max_depth': 11, 'max_features': 'log2', 'min_samples_leaf': 2, 'min_samples_split': 4, 'n_estimators': 185}",0.7503586800573888,0.689655172413793,0.6745867768595042,0.7136886102403344,0.6607142857142857,0.6978007050570613,0.03160824237859427,50,1.0,1.0,1.0,1.0,1.0,1.0,0.0
0.20639290809631347,0.037865277909576237,0.02132735252380371,0.006375584956047402,True,balanced,22,log2,5,2,193,"{'bootstrap': True, 'class_weight': 'balanced', 'max_depth': 22, 'max_features': 'log2', 'min_samples_leaf': 5, 'min_samples_split': 2, 'n_estimators': 193}",0.7991391678622669,0.7327586206896551,0.631198347107438,0.7147335423197493,0.6743197278911565,0.7104298811740531,0.0565119647738561,33,1.0,0.9992806949593316,0.9998366013071895,0.9998913869881612,0.9998860009119926,0.9997789368333349,0.0002547731675316505
1.132325029373169,0.05510634298675462,0.07981820106506347,0.01020012301649438,False,balanced,28,sqrt,4,6,650,"{'bootstrap': False, 'class_weight': 'balanced', 'max_depth': 28, 'max_features': 'sqrt', 'min_samples_leaf': 4, 'min_samples_split': 6, 'n_estimators': 650}",0.7632711621233859,0.7452107279693486,0.6136363636363636,0.684430512016719,0.6666666666666667,0.6946430864824968,0.054251202790196684,57,1.0,1.0,1.0,1.0,1.0,1.0,0.0
1.4560436248779296,0.13409671213686764,0.07690463066101075,0.02183989876868015,False,balanced,,log2,5,8,861,"{'bootstrap': False, 'class_weight': 'balanced', 'max_depth': None, 'max_features': 'log2', 'min_samples_leaf': 5, 'min_samples_split': 8, 'n_estimators': 861}",0.7682926829268293,0.7337164750957854,0.6291322314049586,0.6938349007314525,0.6479591836734694,0.694587094766499,0.05181252581655893,58,1.0,1.0,1.0,1.0,1.0,1.0,0.0
0.4038881778717041,0.08282818147025633,0.0522158145904541,0.020710461454162214,False,balanced,30,sqrt,4,3,279,"{'bootstrap': False, 'class_weight': 'balanced', 'max_depth': 30, 'max_features': 'sqrt', 'min_samples_leaf': 4, 'min_samples_split': 3, 'n_estimators': 279}",0.7467718794835007,0.7423371647509579,0.6074380165289256,0.6812957157784744,0.6581632653061225,0.6872012083695962,0.05259064992137167,78,1.0,1.0,1.0,1.0,1.0,1.0,0.0
0.6184807300567627,0.05236381542512903,0.044614315032958984,0.010105738206796777,True,balanced,18,log2,3,2,424,"{'bootstrap': True, 'class_weight': 'balanced', 'max_depth': 18, 'max_features': 'log2', 'min_samples_leaf': 3, 'min_samples_split': 2, 'n_estimators': 424}",0.7941176470588235,0.7461685823754789,0.6580578512396694,0.6927899686520377,0.685374149659864,0.7153016397971746,0.048670345133114884,19,1.0,1.0,1.0,1.0,1.0,1.0,0.0
1.3557038307189941,0.14942518405212282,0.05047903060913086,0.002116363590448721,True,balanced,12,log2,2,2,995,"{'bootstrap': True, 'class_weight': 'balanced', 'max_depth': 12, 'max_features': 'log2', 'min_samples_leaf': 2, 'min_samples_split': 2, 'n_estimators': 995}",0.7618364418938306,0.7193486590038314,0.6456611570247934,0.7105538140020897,0.7032312925170068,0.7081262728883104,0.03726249775112912,42,1.0,1.0,1.0,1.0,1.0,1.0,0.0
1.300015926361084,0.2862722401671884,0.0744020938873291,0.026152691384821316,False,balanced,28,log2,4,3,774,"{'bootstrap': False, 'class_weight': 'balanced', 'max_depth': 28, 'max_features': 'log2', 'min_samples_leaf': 4, 'min_samples_split': 3, 'n_estimators': 774}",0.7747489239598279,0.7308429118773947,0.6260330578512396,0.6980146290491118,0.6505102040816326,0.6960299453638414,0.05363612645568429,53,1.0,1.0,1.0,1.0,1.0,1.0,0.0
0.9758771419525146,0.10744514546331083,0.06700611114501953,0.016034370016902274,False,balanced,,sqrt,5,4,526,"{'bootstrap': False, 'class_weight': 'balanced', 'max_depth': None, 'max_features': 'sqrt', 'min_samples_leaf': 5, 'min_samples_split': 4, 'n_estimators': 526}",0.7611190817790531,0.7413793103448275,0.6053719008264462,0.6687565308254964,0.6539115646258503,0.6861076776803346,0.05751101073612954,83,1.0,1.0,1.0,1.0,1.0,1.0,0.0
0.40170512199401853,0.05292867357920518,0.040149784088134764,0.0069525246006819095,True,balanced,20,sqrt,1,2,267,"{'bootstrap': True, 'class_weight': 'balanced', 'max_depth': 20, 'max_features': 'sqrt', 'min_samples_leaf': 1, 'min_samples_split': 2, 'n_estimators': 267}",0.7625538020086083,0.6982758620689656,0.6084710743801653,0.7074190177638453,0.6887755102040817,0.6930990532851333,0.04947001251346194,63,1.0,0.9999999999999999,1.0,1.0,1.0,1.0,4.965068306494546e-17
0.44098920822143556,0.043859079219090574,0.05216207504272461,0.006063247382448379,False,balanced,19,log2,5,3,352,"{'bootstrap': False, 'class_weight': 'balanced', 'max_depth': 19, 'max_features': 'log2', 'min_samples_leaf': 5, 'min_samples_split': 3, 'n_estimators': 352}",0.7582496413199425,0.7346743295019157,0.6435950413223142,0.6917450365726228,0.6488095238095238,0.6954147145052638,0.045519961032924175,56,1.0,1.0,1.0,1.0,1.0,1.0,0.0
1.1135064125061036,0.0840156297522769,0.07536554336547852,0.015393540998554424,True,balanced,26,sqrt,1,9,704,"{'bootstrap': True, 'class_weight': 'balanced', 'max_depth': 26, 'max_features': 'sqrt', 'min_samples_leaf': 1, 'min_samples_split': 9, 'n_estimators': 704}",0.7711621233859397,0.7155172413793103,0.6570247933884297,0.7136886102403344,0.6853741496598639,0.7085533836107756,0.03791356659731466,40,1.0,1.0,1.0,1.0,1.0,1.0,0.0
1.0486363410949706,0.10090902661626538,0.08952388763427735,0.008501656682876509,False,balanced,18,log2,2,4,716,"{'bootstrap': False, 'class_weight': 'balanced', 'max_depth': 18, 'max_features': 'log2', 'min_samples_leaf': 2, 'min_samples_split': 4, 'n_estimators': 716}",0.7431850789096126,0.7270114942528735,0.606404958677686,0.6823406478578892,0.6743197278911565,0.6866523815178435,0.047822877622044985,82,1.0,1.0,0.9999999999999999,1.0,1.0,1.0,4.965068306494546e-17
0.784144926071167,0.06682315330844706,0.05772213935852051,0.012829539942840007,True,balanced,12,log2,5,3,592,"{'bootstrap': True, 'class_weight': 'balanced', 'max_depth': 12, 'max_features': 'log2', 'min_samples_leaf': 5, 'min_samples_split': 3, 'n_estimators': 592}",0.7991391678622668,0.7365900383141762,0.668388429752066,0.7105538140020898,0.6777210884353742,0.7184785076731945,0.047047111586470916,7,1.0,1.0,0.9998910675381264,1.0,0.9999430004559964,0.9999668135988247,4.383729725148806e-05
1.4107879638671874,0.2913723610263633,0.0855679988861084,0.006932304058183091,True,balanced,12,sqrt,5,10,775,"{'bootstrap': True, 'class_weight': 'balanced', 'max_depth': 12, 'max_features': 'sqrt', 'min_samples_leaf': 5, 'min_samples_split': 10, 'n_estimators': 775}",0.7883787661406025,0.7308429118773946,0.6725206611570248,0.6781609195402298,0.6802721088435375,0.7100350735117578,0.04445183281651436,36,1.0,1.0,0.9999455337690631,1.0,0.9997720018239854,0.9999435071186097,8.830912788558553e-05
0.1950146198272705,0.04459785548313622,0.029893112182617188,0.0125162323752983,False,balanced,13,sqrt,3,2,198,"{'bootstrap': False, 'class_weight': 'balanced', 'max_depth': 13, 'max_features': 'sqrt', 'min_samples_leaf': 3, 'min_samples_split': 2, 'n_estimators': 198}",0.7517934002869441,0.7174329501915709,0.6177685950413223,0.7042842215256009,0.6581632653061225,0.6898884864703121,0.04691678041333286,73,1.0,1.0,1.0,1.0,1.0,1.0,0.0
0.23289918899536133,0.030003097955326474,0.04499759674072266,0.012393417752712348,False,balanced,12,log2,1,8,195,"{'bootstrap': False, 'class_weight': 'balanced', 'max_depth': 12, 'max_features': 'log2', 'min_samples_leaf': 1, 'min_samples_split': 8, 'n_estimators': 195}",0.757532281205165,0.7289272030651341,0.59400826446281,0.6980146290491118,0.6862244897959184,0.6929413735156279,0.05536348941313817,64,1.0,1.0,1.0,1.0,1.0,1.0,0.0
0.9772943496704102,0.07776723967853807,0.06318387985229493,0.020002977115727585,False,balanced,13,log2,1,8,624,"{'bootstrap': False, 'class_weight': 'balanced', 'max_depth': 13, 'max_features': 'log2', 'min_samples_leaf': 1, 'min_samples_split': 8, 'n_estimators': 624}",0.7697274031563845,0.7289272030651341,0.5857438016528925,0.7001044932079414,0.6777210884353742,0.6924447979035453,0.061585920654938044,67,1.0,1.0,1.0,1.0,1.0,1.0,0.0
0.19858450889587403,0.010265769337064978,0.027036380767822266,0.008106905885877445,True,balanced,11,sqrt,1,2,161,"{'bootstrap': True, 'class_weight': 'balanced', 'max_depth': 11, 'max_features': 'sqrt', 'min_samples_leaf': 1, 'min_samples_split': 2, 'n_estimators': 161}",0.7618364418938307,0.7126436781609196,0.6461776859504131,0.6922675026123302,0.7066326530612245,0.7039115923357436,0.03716915512263904,47,1.0,1.0,1.0,1.0,1.0,1.0,0.0
